,Name,Sold,TOP PRODUCTS
0,Balls to the Wall,2,1
1,Inject The Venom,2,1
2,Snowballed,2,1
3,Overdose,2,1
4,Deuces Are Wild,2,1
5,Not The Doctor,2,1
6,Por Causa De Você,2,1
7,Welcome Home (Sanitarium),2,1
8,Snowblind,2,1
9,Cornucopia,2,1
10,Bowels Of The Devil,2,1
11,Voodoo,2,1
12,Chemical Wedding,2,1
13,When My Left Eye Jumps,2,1
14,Meditação,2,1
15,Bem Devagar,2,1
16,Mel,2,1
17,Samba De Orly,2,1
18,Morena De Angola,2,1
19,Meu Caro Amigo,2,1
20,Geni E O Zepelim,2,1
21,Samba Do Lado,2,1
22,Amor De Muito,2,1
23,Lixo Do Mangue,2,1
24,A Cor Do Sol,2,1
25,Linha Do Equador,2,1
26,Tarde Em Itapoã,2,1
27,Tanto Tempo,2,1
28,Bumbo Da Mangueira,2,1
29,Só Tinha De Ser Com Você,2,1
30,Whiskey In The Jar,2,1
31,I'm Going Slightly Mad,2,1
32,Sure Know Something,2,1
33,Shock Me,2,1
34,Calling Dr. Love,2,1
35,Surrender,2,1
36,J Squared,2,1
37,Basket Case,2,1
38,When I Come Around,2,1
39,Nice Guys Finish Last,2,1
40,Living On Love,2,1
41,Comportamento Geral,2,1
42,Ando Meio Desligado,2,1
43,Smoke On The Water,2,1
44,Blue Rythm Fantasy,2,1
45,Drum Boogie,2,1
46,Lemon Drop,2,1
47,Don't Take Your Love From Me,2,1
48,Onde Anda Você,2,1
49,Pela Luz dos Olhos Teus (Miúcha e Tom Jobim),2,1
50,As Rosas Não Falam (Beth Carvalho),2,1
51,Susie Q,2,1
52,Commotion,2,1
53,Sweet Hitch-Hiker,2,1
54,Good Golly Miss Molly,2,1
55,Don't Look Now,2,1
56,The Midnight Special,2,1
57,Brasil,2,1
58,Woman Of The World (Ao Vivo),2,1
59,Mis Penas Lloraba Yo (Ao Vivo) Soy Gitano (Tangos),2,1
60,No No No,2,1
61,Maybe I'm A Leo,2,1
62,Álibi,2,1
63,Esquinas,2,1
64,Açai,2,1
65,Azul,2,1
66,"Dois Pra Lá, Dois Pra Cá",2,1
67,Sunshine Of Your Love,2,1
68,Lay Down Sally,2,1
69,Promises,2,1
70,Lonely Stranger,2,1
71,Last Cup Of Sorrow,2,1
72,She Loves Me Not,2,1
73,Caffeine,2,1
74,Midlife Crisis,2,1
75,Easy,2,1
76,What A Day,2,1
77,Falamansa Song,2,1
78,The Last Song,2,1
79,Times Like These,2,1
80,Is This Love (Live),2,1
81,Stir It Up (Live),2,1
82,A Novidade (Live),2,1
83,Lamento De Carnaval,2,1
84,Beira Mar,2,1
85,Re-Align,2,1
86,Holiday,2,1
87,Give Me Novacaine,2,1
88,Whatsername,2,1
89,Rocket Queen,2,1
90,Perfect Crime,2,1
91,The Garden,2,1
92,Garden of Eden,2,1
93,Breakdown,2,1
94,L'Arc En Ciel De Miles,2,1
95,For the Greater Good of God,2,1
96,Can I Play With Madness,2,1
97,The Thin Line Between Love & Hate,2,1
98,Hallowed Be Thy Name,2,1
99,The Trooper,2,1
100,Run Silent Run Deep,2,1
101,Where Eagles Dare,2,1
102,Aces High,2,1
103,Blood Brothers,2,1
104,The Number Of The Beast,2,1
105,Moonchild,2,1
106,The Clairvoyant,2,1
107,Gangland,2,1
108,The Prisoner,2,1
109,The Aftermath,2,1
110,Judgement Of Heaven,2,1
111,Don't Look To The Eyes Of A Stranger,2,1
112,Hey America,2,1
113,"Whatever It Is, I Just Can't Stop",2,1
114,Light Years,2,1
115,Take It Or Leave It,2,1
116,You've Got Another Thing Comin',2,1
117,Turbo Lover,2,1
118,Plaster Caster,2,1
119,Sure Know Something,2,1
120,Rock And Roll All Nite,2,1
121,Walter's Walk,2,1
122,Dancing Days,2,1
123,In The Evening,2,1
124,I'm Gonna Crawl,2,1
125,Dazed and Confused,2,1
126,How Many More Times,2,1
127,Living Loving Maid (She's Just A Woman),2,1
128,Ramble On,2,1
129,Bron-Y-Aur Stomp,2,1
130,For Your Life,2,1
131,L'Avventura,2,1
132,Tempo Perdido,2,1
133,Mr. Cab Driver,2,1
134,"Abraham, Martin And John",2,1
135,Save The Children,2,1
136,Down by the Sea,2,1
137,Shakes and Ladders,2,1
138,Nothing Else Matters,2,1
139,Stone Cold Crazy,2,1
140,Motorbreath,2,1
141,Phantom Lord,2,1
142,The House Jack Built,2,1
143,Battery,2,1
144,Leper Messiah,2,1
145,The Unforgiven II,2,1
146,Better Than You,2,1
147,For Whom The Bell Tolls,2,1
148,Shoot Me Again,2,1
149,The Duke,2,1
150,Menestrel Das Alagoas,2,1
151,Norwegian Wood,2,1
152,Sangue Latino,2,1
153,Folhas Secas,2,1
154,Menino De Rua,2,1
155,Nossa Gente (Avisa Là),2,1
156,Revolta Olodum,2,1
157,Selvagem,2,1
158,Nebulosa Do Amor,2,1
159,Mensagen De Amor (2000),2,1
160,Saber Amar,2,1
161,Meu Erro,2,1
162,Romance Ideal,2,1
163,Flying High Again,2,1
164,"Mama, I'm Coming Home",2,1
165,Children Of The Grave,2,1
166,Walking Into Clarksdale,2,1
167,Plot 180,2,1
168,Untitled,2,1
169,Big Wave,2,1
170,Rappers Reais,2,1
171,Nega Do Cabelo Duro,2,1
172,You're My Best Friend,2,1
173,Somebody To Love,2,1
174,We Are The Champions,2,1
175,Get Up,2,1
176,Untitled,2,1
177,Undertow,2,1
178,Binky The Doormat,2,1
179,Country Feedback,2,1
180,So Central Rain,2,1
181,Fall On Me,2,1
182,I Believe,2,1
183,Esporrei Na Manivela,2,1
184,Que Luz É Essa,2,1
185,Under The Bridge,2,1
186,Tear,2,1
187,Right On Time,2,1
188,Waiting,2,1
189,Saturnine,2,1
190,Cherub Rock,2,1
191,Bullet With Butterfly Wings,2,1
192,Real Love,2,1
193,Pretty Noose,2,1
194,Starburst,2,1
195,End Of Romanticism,2,1
196,Travis Walk,2,1
197,Piece Of Pie,2,1
198,Soldier Side - Intro,2,1
199,Violent Pornography,2,1
200,Question!,2,1
201,Midnight From The Inside Out,2,1
202,Title Song,2,1
203,Train In Vain,2,1
204,Speed Of Light,2,1
205,Sun King,2,1
206,Release,2,1
207,Heaven Coming Down,2,1
208,Gyroscope,2,1
209,Babylon,2,1
210,Boris The Spider,2,1
211,You Better You Bet,2,1
212,Música No Ar,2,1
213,Compadre,2,1
214,Não Quero Dinheiro,2,1
215,Comida,2,1
216,O Pulso,2,1
217,A Melhor Forma,2,1
218,Cabeça Dinossauro,2,1
219,Lugar Nenhum,2,1
220,Toda Cor,2,1
221,The Woman King,2,1
222,The Fix,2,1
223,Walkabout,2,1
224,Peace On Earth,2,1
225,When I Look At The World,2,1
226,Everlasting Love,2,1
227,Hallelujah Here She Comes,2,1
228,City Of Blinding Lights,2,1
229,Miami,2,1
230,All Along The Watchtower,2,1
231,Pride (In The Name Of Love),2,1
232,The Star Spangled Banner,2,1
233,Sweetest Thing,2,1
234,Sunday Bloody Sunday,2,1
235,Two Hearts Beat As One,2,1
236,Red Light,2,1
237,Dirty Day,2,1
238,C'est La Vie,2,1
239,Eruption,2,1
240,Eruption,2,1
241,Year to the Day,2,1
242,Hot Girl,2,1
243,Gay Witch Hunt,2,1
244,Phyllis's Wedding,2,1
245,How to Stop an Exploding Man,2,1
246,Pilot,2,1
247,Give Peace a Chance,2,1
248,Beautiful Boy,2,1
249,War Pigs,2,1
250,"Scheherazade, Op. 35: I. The Sea and Sindbad's Ship",2,1
251,"Symphonie Fantastique, Op. 14: V. Songe d'une nuit du sabbat",2,1
252,Rehab,2,1
253,"Suite No. 3 in D, BWV 1068: III. Gavotte I & II",2,1
254,"Music for the Funeral of Queen Mary: VI. ""Thou Knowest, Lord, the Secrets of Our Hearts""",2,1
255,"String Quartet No. 12 in C Minor, D. 703 ""Quartettsatz"": II. Andante - Allegro assai",2,1
256,For Those About To Rock (We Salute You),1,2
257,Fast As a Shark,1,2
258,Restless and Wild,1,2
259,Princess of the Dawn,1,2
260,Put The Finger On You,1,2
261,Evil Walks,1,2
262,Breaking The Rules,1,2
263,Night Of The Long Knives,1,2
264,Spellbound,1,2
265,Go Down,1,2
266,Dog Eat Dog,1,2
267,Problem Child,1,2
268,Hell Ain't A Bad Place To Be,1,2
269,Love In An Elevator,1,2
270,Rag Doll,1,2
271,What It Takes,1,2
272,Janie's Got A Gun,1,2
273,Amazing,1,2
274,Blind Man,1,2
275,Angel,1,2
276,Livin' On The Edge,1,2
277,All I Really Want,1,2
278,You Oughta Know,1,2
279,Right Through You,1,2
280,Forgiven,1,2
281,You Learn,1,2
282,Wake Up,1,2
283,Sea Of Sorrow,1,2
284,Bleed The Freak,1,2
285,I Can't Remember,1,2
286,It Ain't Like That,1,2
287,Confusion,1,2
288,I Know Somethin (Bout You),1,2
289,Real Thing,1,2
290,Ligia,1,2
291,Falando De Amor,1,2
292,Angela,1,2
293,O Boto (Bôto),1,2
294,"Canta, Canta Mais",1,2
295,Master Of Puppets,1,2
296,The Unforgiven,1,2
297,Cochise,1,2
298,Like a Stone,1,2
299,Set It Off,1,2
300,Exploder,1,2
301,Hypnotize,1,2
302,The Last Remaining Light,1,2
303,Your Time Has Come,1,2
304,Doesn't Remind Me,1,2
305,Drown Me Slowly,1,2
306,Yesterday To Tomorrow,1,2
307,Dandelion,1,2
308,Money,1,2
309,Long Tall Sally,1,2
310,C'Mon Everybody,1,2
311,Rock 'N' Roll Music,1,2
312,Carol,1,2
313,Good Golly Miss Molly,1,2
314,"Spanish moss-""A sound portrait""-Spanish moss",1,2
315,Moon germs,1,2
316,Solo-Panhandler,1,2
317,Do what cha wanna,1,2
318,All For You,1,2
319,Super Terrorizer,1,2
320,Bored To Tears,1,2
321,A.N.D.R.O.T.A.Z.,1,2
322,The Begining... At Last,1,2
323,Heart Of Gold,1,2
324,Blood In The Wall,1,2
325,The Beginning...At Last,1,2
326,N.I.B.,1,2
327,Evil Woman,1,2
328,Tomorrow's Dream,1,2
329,Laguna Sunrise,1,2
330,Under The Sun/Every Day Comes and Goes,1,2
331,Smoked Pork,1,2
332,Body Count's In The House,1,2
333,Body Count,1,2
334,A Statistic,1,2
335,KKK Bitch,1,2
336,Evil Dick,1,2
337,Body Count Anthem,1,2
338,King In Crimson,1,2
339,The Tower,1,2
340,Killing Floor,1,2
341,Book Of Thel,1,2
342,Gates Of Urizen,1,2
343,Jerusalem,1,2
344,Trupets Of Jericho,1,2
345,Machine Men,1,2
346,The Alchemist,1,2
347,Realword,1,2
348,First Time I Met The Blues,1,2
349,Let Me Love You Baby,1,2
350,Stone Crazy,1,2
351,Leave My Girl Alone,1,2
352,My Time After Awhile,1,2
353,Jorge Da Capadócia,1,2
354,Prenda Minha,1,2
355,Terra,1,2
356,Eclipse Oculto,1,2
357,"Texto ""Verdade Tropical""",1,2
358,Saudosismo,1,2
359,Carolina,1,2
360,Sozinho,1,2
361,Esse Cara,1,2
362,Linha Do Equador,1,2
363,Odara,1,2
364,Atrás Da Verd-E-Rosa Só Não Vai Quem Já Morreu,1,2
365,Vida Boa,1,2
366,Sozinho (Hitmakers Classic Mix),1,2
367,Sozinho (Caêdrum 'n' Bass),1,2
368,Vai Passar,1,2
369,"Bye, Bye Brasil",1,2
370,Atras Da Porta,1,2
371,Tatuagem,1,2
372,O Que Será (À Flor Da Terra),1,2
373,Apesar De Você,1,2
374,A Banda,1,2
375,Minha Historia,1,2
376,Com Açúcar E Com Afeto,1,2
377,Trocando Em Miúdos,1,2
378,Gota D'água,1,2
379,Construção / Deus Lhe Pague,1,2
380,Mateus Enter,1,2
381,O Cidadão Do Mundo,1,2
382,Etnia,1,2
383,Um Passeio No Mundo Livre,1,2
384,Maracatu Atômico,1,2
385,Sobremesa,1,2
386,Manguetown,1,2
387,Um Satélite Na Cabeça,1,2
388,Sangue De Bairro,1,2
389,Interlude Zumbi,1,2
390,Criança De Domingo,1,2
391,Maracatu Atômico [Trip Hop],1,2
392,Banditismo Por Uma Questa,1,2
393,Banditismo Por Uma Questa,1,2
394,Rios Pontes & Overdrives,1,2
395,Samba Makossa,1,2
396,Da Lama Ao Caos,1,2
397,Maracatu De Tiro Certeiro,1,2
398,Computadores Fazem Arte,1,2
399,Soldado Da Paz,1,2
400,Firmamento,1,2
401,Extra,1,2
402,Podes Crer,1,2
403,Já Foi,1,2
404,Onde Você Mora?,1,2
405,Pensamento,1,2
406,Onde Você Mora?,1,2
407,Falar A Verdade,1,2
408,Firmamento,1,2
409,Doutor,1,2
410,Na Frente Da TV,1,2
411,Sábado A Noite,1,2
412,Eu Também Quero Beijar,1,2
413,Amor Demais,1,2
414,Felicidade Urgente,1,2
415,Livre Pra Viver,1,2
416,TriboTchan,1,2
417,"Tapa Aqui, Descobre Ali",1,2
418,Levada do Amor (Ailoviu),1,2
419,Lavadeira,1,2
420,Reggae Tchan,1,2
421,My Love,1,2
422,Communication Breakdown,1,2
423,Dazed and Confused,1,2
424,Communication Breakdown(2),1,2
425,Travelling Riverside Blues,1,2
426,I Can't Quit You Baby(2),1,2
427,You Shook Me(2),1,2
428,Carolina Hard-Core Ecstasy,1,2
429,Sam With The Showing Scalp Flat Top,1,2
430,Advance Romance,1,2
431,Man With The Woman Head,1,2
432,X-9 2001,1,2
433,Gavioes 2001,1,2
434,Camisa Verde 2001,1,2
435,Leandro De Itaquera 2001,1,2
436,Ipiranga 2001,1,2
437,Morro Da Casa Verde 2001,1,2
438,Mas Que Nada,1,2
439,Vôo Sobre o Horizonte,1,2
440,Água de Beber,1,2
441,Samba da Bençaco,1,2
442,Mistério da Raça,1,2
443,All Star,1,2
444,Maria Fumaça,1,2
445,Eu Vim Da Bahia - Live,1,2
446,Linha Do Horizonte,1,2
447,Only A Dream In Rio,1,2
448,Abrir A Porta,1,2
449,Momentos Que Marcam,1,2
450,Um Jantar Pra Dois,1,2
451,Santo Antonio,1,2
452,Turn The Page,1,2
453,Die Die My Darling,1,2
454,Astronomy,1,2
455,Tuesday's Gone,1,2
456,The More I See,1,2
457,A Kind Of Magic,1,2
458,Under Pressure,1,2
459,Radio GA GA,1,2
460,I Want It All,1,2
461,I Want To Break Free,1,2
462,Innuendo,1,2
463,It's A Hard Life,1,2
464,Breakthru,1,2
465,Who Wants To Live Forever,1,2
466,Headlong,1,2
467,The Invisible Man,1,2
468,The Show Must Go On,1,2
469,Black Diamond,1,2
470,Hard Luck Woman,1,2
471,Love Gun,1,2
472,Deuce,1,2
473,Goin' Blind,1,2
474,She,1,2
475,I Was Made For Loving You,1,2
476,Shout It Out Loud,1,2
477,God Of Thunder,1,2
478,Beth,1,2
479,Strutter,1,2
480,Cold Gin,1,2
481,Plaster Caster,1,2
482,God Gave Rock 'n' Roll To You,1,2
483,De La Luz,1,2
484,Playtime,1,2
485,Valentino's,1,2
486,Believe,1,2
487,As We Sleep,1,2
488,When Evening Falls,1,2
489,Best Thing,1,2
490,Maria,1,2
491,Poprocks And Coke,1,2
492,Longview,1,2
493,She,1,2
494,Geek Stink Breath,1,2
495,Brain Stew,1,2
496,Jaded,1,2
497,Walking Contradiction,1,2
498,Stuck With Me,1,2
499,Redundant,1,2
500,Minority,1,2
501,Macy's Day Parade,1,2
502,Into The Light,1,2
503,River Song,1,2
504,Don't You Cry,1,2
505,Slave,1,2
506,Cry For Love,1,2
507,Wherever You May Go,1,2
508,Grito De Alerta,1,2
509,Não Dá Mais Pra Segurar (Explode Coração),1,2
510,Começaria Tudo Outra Vez,1,2
511,"Diga Lá, Coração",1,2
512,Lindo Lago Do Amor,1,2
513,Eu Apenas Queria Que Voçê Soubesse,1,2
514,Ponto De Interrogação,1,2
515,Um Indio,1,2
516,Podres Poderes,1,2
517,Voce Nao Entende Nada - Cotidiano,1,2
518,Menino Do Rio,1,2
519,Queixa,1,2
520,O Leaozinho,1,2
521,Fora Da Ordem,1,2
522,Top Top,1,2
523,Chão De Estrelas,1,2
524,Vida De Cachorro,1,2
525,Rita Lee,1,2
526,"Posso Perder Minha Mulher, Minha Mãe, Desde Que Eu Tenha O Rock And Roll",1,2
527,Meu Refrigerador Não Funciona,1,2
528,Stormbringer,1,2
529,You Fool No One,1,2
530,Houses Of The Holy,1,2
531,Trampled Under Foot,1,2
532,Beija-Flor,1,2
533,Viradouro,1,2
534,Mangueira,1,2
535,União Da Ilha,1,2
536,Caprichosos,1,2
537,Tradição,1,2
538,Love Of My Life,1,2
539,Put Your Lights On,1,2
540,Do You Like The Way,1,2
541,Maria Maria,1,2
542,El Farol,1,2
543,Primavera,1,2
544,Manuel,1,2
545,Entre E Ouça,1,2
546,Um Love,1,2
547,Seis Da Tarde,1,2
548,Do You Have Other Loves?,1,2
549,Agora Que O Dia Acordou,1,2
550,Jeru,1,2
551,Compulsion,1,2
552,'Round Midnight,1,2
553,Bye Bye Blackbird,1,2
554,So What,1,2
555,The Pan Piper,1,2
556,E.S.P.,1,2
557,Nefertiti,1,2
558,Black Satin,1,2
559,Jean Pierre (Live),1,2
560,Going Down / Highway Star,1,2
561,Let Me Off Uptown,1,2
562,Opus No.1,1,2
563,Boogie Blues,1,2
564,How High The Moon,1,2
565,Up An' Atom,1,2
566,Bop Boogie,1,2
567,Overtime,1,2
568,Jungle Drums,1,2
569,Showcase,1,2
570,Pot-Pourri N.º 4,1,2
571,Samba Da Volta,1,2
572,Canto De Ossanha,1,2
573,Pot-Pourri N.º 5,1,2
574,Formosa,1,2
575,Como É Duro Trabalhar,1,2
576,Minha Namorada,1,2
577,Por Que Será,1,2
578,Berimbau,1,2
579,Deixa,1,2
580,Pot-Pourri N.º 2,1,2
581,Samba Em Prelúdio,1,2
582,Carta Ao Tom 74,1,2
583,Chão de Giz (Elba Ramalho),1,2
584,Coração do Agreste (Fafá de Belém),1,2
585,Caçador de Mim (Sá & Guarabyra),1,2
586,Romaria (Renato Teixeira),1,2
587,Wave (Os Cariocas),1,2
588,Garota de Ipanema (Dick Farney),1,2
589,Preciso Apender a Viver Só (Maysa),1,2
590,Proud Mary,1,2
591,Bad Moon Rising,1,2
592,Lodi,1,2
593,Green River,1,2
594,Down On The Corner,1,2
595,Fortunate Son,1,2
596,Who'll Stop The Rain,1,2
597,Up Around The Bend,1,2
598,Run Through The Jungle,1,2
599,Long As I Can See The Light,1,2
600,Hey Tonight,1,2
601,Someday Never Comes,1,2
602,Walking On The Water,1,2
603,"Suzie-Q, Pt. 2",1,2
604,Born On The Bayou,1,2
605,Tombstone Shadow,1,2
606,Wrote A Song For Everyone,1,2
607,Night Time Is The Right Time,1,2
608,Cotton Fields,1,2
609,Before You Accuse Me,1,2
610,Pagan Baby,1,2
611,(Wish I Could) Hideaway,1,2
612,It's Just A Thought,1,2
613,Molina,1,2
614,Born To Move,1,2
615,Gatas Extraordinárias,1,2
616,Eu Sou Neguinha (Ao Vivo),1,2
617,Coroné Antonio Bento,1,2
618,"Você Passa, Eu Acho Graça (Ao Vivo)",1,2
619,Meu Mundo Fica Completo (Com Você),1,2
620,Música Urbana 2,1,2
621,Palavras Ao Vento,1,2
622,Não Sei O Que Eu Quero Da Vida,1,2
623,Smells Like Teen Spirit (Ao Vivo),1,2
624,E.C.T.,1,2
625,Todo Amor Que Houver Nesta Vida,1,2
626,Metrô. Linha 743,1,2
627,Admirável Gado Novo,1,2
628,Eleanor Rigby,1,2
629,Socorro,1,2
630,Comin' Home,1,2
631,I Need Love,1,2
632,Drifter,1,2
633,Love Child,1,2
634,You Keep On Moving,1,2
635,Child In Time,1,2
636,Flight Of The Rat,1,2
637,Into The Fire,1,2
638,Strange Kind Of Woman,1,2
639,No One Came,1,2
640,Knocking At Your Back Door,1,2
641,Nobody's Home,1,2
642,Black Night,1,2
643,The Unwritten Law,1,2
644,Hush,1,2
645,Pictures Of Home,1,2
646,Space Truckin',1,2
647,Vavoom : Ted The Mechanic,1,2
648,Sometimes I Feel Like Screaming,1,2
649,Cascades : I'm Not Your Lover,1,2
650,A Touch Away,1,2
651,Hey Cisco,1,2
652,King Of Dreams,1,2
653,The Cut Runs Deep,1,2
654,Love Conquers All,1,2
655,Fortuneteller,1,2
656,Stormbringer,1,2
657,Love Don't Mean a Thing,1,2
658,You Can't Do it Right (With the One You Love),1,2
659,High Ball Shooter,1,2
660,The Battle Rages On,1,2
661,Lick It Up,1,2
662,Ramshackle Man,1,2
663,A Twist In The Tail,1,2
664,One Man's Meat,1,2
665,Pour Some Sugar On Me,1,2
666,Two Steps Behind [Acoustic Version],1,2
667,Animal,1,2
668,When Love & Hate Collide,1,2
669,Action,1,2
670,Rock Of Ages,1,2
671,Hysteria,1,2
672,Otay,1,2
673,Groovus Interruptus,1,2
674,Outbreak,1,2
675,"Baltimore, DC",1,2
676,Cigano,1,2
677,Se...,1,2
678,Lilás,1,2
679,Acelerou,1,2
680,Um Amor Puro,1,2
681,Nem Um Dia,1,2
682,Oceano,1,2
683,Flor De Lis,1,2
684,Acelerou,1,2
685,Um Amor Puro,1,2
686,Atrás da Porta,1,2
687,Casa no Campo,1,2
688,Romaria,1,2
689,"Alô, Alô, Marciano",1,2
690,Me Deixas Louca,1,2
691,Fascinação,1,2
692,Saudosa Maloca,1,2
693,As Aparências Enganam,1,2
694,Madalena,1,2
695,Maria Rosa,1,2
696,Aprendendo A Jogar,1,2
697,Layla,1,2
698,Badge,1,2
699,Crossroads,1,2
700,Bell Bottom Blues,1,2
701,After Midnight,1,2
702,Swing Low Sweet Chariot,1,2
703,Knockin On Heavens Door,1,2
704,Wonderful Tonight,1,2
705,Let It Grow,1,2
706,Signe,1,2
707,Before You Accuse Me,1,2
708,Hey Hey,1,2
709,Tears In Heaven,1,2
710,Nobody Knows You When You're Down & Out,1,2
711,Layla,1,2
712,Walkin' Blues,1,2
713,Alberta,1,2
714,San Francisco Bay Blues,1,2
715,Old Love,1,2
716,Stripsearch,1,2
717,Naked In Front Of The Computer,1,2
718,Helpless,1,2
719,Mouth To Mouth,1,2
720,Ashes To Ashes,1,2
721,Got That Feeling,1,2
722,Paths Of Glory,1,2
723,Home Sick Home,1,2
724,Pristina,1,2
725,RV,1,2
726,Everything's Ruined,1,2
727,Malpractice,1,2
728,Kindergarten,1,2
729,Be Aggressive,1,2
730,A Small Victory,1,2
731,Midnight Cowboy,1,2
732,Get Out,1,2
733,The Gentle Art Of Making Enemies,1,2
734,Star A.D.,1,2
735,Cuckoo For Caca,1,2
736,Ugly In The Morning,1,2
737,Take This Bottle,1,2
738,King For A Day,1,2
739,From Out Of Nowhere,1,2
740,Epic,1,2
741,Falling To Pieces,1,2
742,Surprise! You're Dead!,1,2
743,Underwater Love,1,2
744,The Morning After,1,2
745,Woodpecker From Mars,1,2
746,Xote Dos Milagres,1,2
747,Zeca Violeiro,1,2
748,Avisa,1,2
749,Principiando/Decolagem,1,2
750,Medo De Escuro,1,2
751,Desaforo,1,2
752,In Your Honor,1,2
753,No Way Back,1,2
754,Free Me,1,2
755,Still,1,2
756,What If I Do?,1,2
757,Friend Of A Friend,1,2
758,Over And Out,1,2
759,Virginia Moon,1,2
760,Razor,1,2
761,Disenchanted Lullaby,1,2
762,Overdrive,1,2
763,Burn Away,1,2
764,Monkey Wrench,1,2
765,"Hey, Johnny Park!",1,2
766,My Hero,1,2
767,See You,1,2
768,Everlong,1,2
769,Walking After You,1,2
770,"New York, New York",1,2
771,I Get A Kick Out Of You,1,2
772,What Now My Love,1,2
773,Summer Love,1,2
774,My Kind Of Town,1,2
775,Fly Me To The Moon,1,2
776,It Was A Very Good Year,1,2
777,Come Fly With Me,1,2
778,"Bad, Bad Leroy Brown",1,2
779,Mack The Knife,1,2
780,Entrando Na Sua (Intro),1,2
781,Nervosa,1,2
782,Zambação,1,2
783,Funk Hum,1,2
784,Dujji,1,2
785,Meu Guarda-Chuva,1,2
786,Divirta-Se (Saindo Da Sua),1,2
787,Forty Days Instrumental,1,2
788,Esperando Na Janela,1,2
789,Juazeiro,1,2
790,Assum Preto,1,2
791,Pau-De-Arara,1,2
792,Lamento Sertanejo,1,2
793,Refavela (Live),1,2
794,Quanta (Live),1,2
795,Estrela (Live),1,2
796,Pela Internet (Live),1,2
797,Opachorô (Live),1,2
798,Copacabana (Live),1,2
799,De Ouro E Marfim (Live),1,2
800,Refazenda,1,2
801,Realce,1,2
802,A Paz,1,2
803,Sampa,1,2
804,Parabolicamará,1,2
805,Tempo Rei,1,2
806,Expresso 2222,1,2
807,Aquele Abraço,1,2
808,Palco,1,2
809,Toda Menina Baiana,1,2
810,Sítio Do Pica-Pau Amarelo,1,2
811,Straight Out Of Line,1,2
812,Faceless,1,2
813,Changes,1,2
814,Make Me Believe,1,2
815,I Fucking Hate You,1,2
816,I Am,1,2
817,American Idiot,1,2
818,Jesus Of Suburbia / City Of The Damned / I Don't Care / Dearly Beloved / Tales Of Another Broken Home,1,2
819,Boulevard Of Broken Dreams,1,2
820,Are We The Waiting,1,2
821,St. Jimmy,1,2
822,Extraordinary Girl,1,2
823,Letterbomb,1,2
824,Wake Me Up When September Ends,1,2
825,Homecoming / The Death Of St. Jimmy / East 12th St. / Nobody Likes You / Rock And Roll Girlfriend / We're Coming Home Again,1,2
826,Welcome to the Jungle,1,2
827,It's So Easy,1,2
828,Out Ta Get Me,1,2
829,Mr. Brownstone,1,2
830,Paradise City,1,2
831,Think About You,1,2
832,Anything Goes,1,2
833,Right Next Door to Hell,1,2
834,Dust N' Bones,1,2
835,Live and Let Die,1,2
836,Don't Cry (Original),1,2
837,You Ain't the First,1,2
838,Bad Obsession,1,2
839,Back off Bitch,1,2
840,Double Talkin' Jive,1,2
841,Don't Damn Me,1,2
842,Dead Horse,1,2
843,Coma,1,2
844,Civil War,1,2
845,14 Years,1,2
846,Yesterdays,1,2
847,Shotgun Blues,1,2
848,Pretty Tied Up,1,2
849,Estranged,1,2
850,You Could Be Mine,1,2
851,Don't Cry,1,2
852,Colibri,1,2
853,Magnetic Ocean,1,2
854,Deep Waters,1,2
855,Millenium,1,2
856,Thinking 'Bout Tomorrow,1,2
857,Jacob's Ladder,1,2
858,She Wears Black,1,2
859,These Colours Don't Run,1,2
860,Brighter Than a Thousand Suns,1,2
861,The Pilgrim,1,2
862,Lord of Light,1,2
863,The Trooper,1,2
864,Prowler,1,2
865,Transylvania,1,2
866,Where Eagles Dare,1,2
867,Run To The Hilss,1,2
868,2 Minutes To Midnight,1,2
869,Iron Maiden,1,2
870,Wasting Love,1,2
871,Bring Your Daughter... To The Slaughter,1,2
872,Heaven Can Wait,1,2
873,The Wicker Man,1,2
874,Ghost Of The Navigator,1,2
875,Blood Brothers,1,2
876,Dream Of Mirrors,1,2
877,Wildest Dreams,1,2
878,Dance Of Death,1,2
879,Gates Of Tomorrow,1,2
880,Face In The Sand,1,2
881,Age Of Innocence,1,2
882,Afraid To Shoot Strangers,1,2
883,Fear Is The Key,1,2
884,The Fugitive,1,2
885,Chains Of Misery,1,2
886,Fear Of The Dark,1,2
887,01 - Prowler,1,2
888,04 - Running Free,1,2
889,05 - Phantom of the Opera,1,2
890,09 - Iron Maiden,1,2
891,The Ides Of March,1,2
892,Another Life,1,2
893,Genghis Khan,1,2
894,Purgatory,1,2
895,Drifter,1,2
896,2 Minutes To Midnight,1,2
897,The Trooper,1,2
898,Powerslave,1,2
899,The Number Of The Beast,1,2
900,Run To The Hills,1,2
901,Running Free,1,2
902,Die With Your Boots On,1,2
903,Phantom Of The Opera,1,2
904,Wrathchild,1,2
905,From Here To Eternity,1,2
906,The Evil That Men Do,1,2
907,Afraid To Shoot Strangers,1,2
908,Heaven Can Wait,1,2
909,Sanctuary,1,2
910,Tailgunner,1,2
911,Holy Smoke,1,2
912,No Prayer For The Dying,1,2
913,Fates Warning,1,2
914,The Assassin,1,2
915,Bring Your Daughter... ...To The Slaughter,1,2
916,The Trooper,1,2
917,Still Life,1,2
918,To Tame A Land,1,2
919,2 Minutes To Midnight,1,2
920,Losfer Words,1,2
921,Flash of The Blade,1,2
922,Duelists,1,2
923,Back in the Village,1,2
924,Powerslave,1,2
925,Rime of the Ancient Mariner,1,2
926,Intro,1,2
927,The Wicker Man,1,2
928,Ghost Of The Navigator,1,2
929,Brave New World,1,2
930,Wrathchild,1,2
931,Sign Of The Cross,1,2
932,Dream Of Mirrors,1,2
933,Fear Of The Dark,1,2
934,Iron Maiden,1,2
935,Hallowed Be Thy Name,1,2
936,Sanctuary,1,2
937,Run To The Hills,1,2
938,Can I Play With Madness,1,2
939,The Evil That Men Do,1,2
940,Seventh Son of a Seventh Son,1,2
941,The Prophecy,1,2
942,Only the Good Die Young,1,2
943,Caught Somewhere in Time,1,2
944,Sea of Madness,1,2
945,Heaven Can Wait,1,2
946,Stranger in a Strange Land,1,2
947,De Ja Vu,1,2
948,Children of the Damned,1,2
949,Hallowed Be Thy Name,1,2
950,Invaders,1,2
951,Run to the Hills,1,2
952,The Number Of The Beast,1,2
953,Sign Of The Cross,1,2
954,Lord Of The Flies,1,2
955,Man On The Edge,1,2
956,Fortunes Of War,1,2
957,Blood On The World's Hands,1,2
958,2 A.M.,1,2
959,The Unbeliever,1,2
960,Futureal,1,2
961,The Angel And The Gambler,1,2
962,Lightning Strikes Twice,1,2
963,The Educated Fool,1,2
964,Como Estais Amigos,1,2
965,Night Train,1,2
966,Out Of Sight,1,2
967,Papa's Got A Brand New Bag Pt.1,1,2
968,It's A Man's Man's Man's World,1,2
969,"Say It Loud, I'm Black And I'm Proud Pt.1",1,2
970,Get Up (I Feel Like Being A) Sex Machine,1,2
971,Get Up Offa That Thing,1,2
972,It's Too Funky In Here,1,2
973,Living In America,1,2
974,I'm Real,1,2
975,When You Gonna Learn (Digeridoo),1,2
976,Too Young To Die,1,2
977,Hooked Up,1,2
978,Blow Your Mind,1,2
979,Planet Home,1,2
980,Black Capricorn Day,1,2
981,Soul Education,1,2
982,Destitute Illusions,1,2
983,Were Do We Go From Here,1,2
984,King For A Day,1,2
985,Deeper Underground,1,2
986,Manifest Destiny,1,2
987,Journey To Arnhemland,1,2
988,Morning Glory,1,2
989,Are You Gonna Be My Girl,1,2
990,Rollover D.J.,1,2
991,Get What You Need,1,2
992,Radio Song,1,2
993,Lazy Gun,1,2
994,Red House,1,2
995,Can You See Me,1,2
996,May This Be Love,1,2
997,Fire,1,2
998,Hey Joe,1,2
999,Stone Free,1,2
1000,The Wind Cries Mary,1,2
1001,Highway Chile,1,2
1002,"Always With Me, Always With You",1,2
1003,Satch Boogie,1,2
1004,Lords of Karma,1,2
1005,Midnight,1,2
1006,Mama Africa,1,2
1007,Salve Simpatia,1,2
1008,Os Alquimistas Estão Chegando,1,2
1009,Charles Anjo 45,1,2
1010,Santa Clara Clareou,1,2
1011,Filho Maravilha,1,2
1012,As Dores do Mundo,1,2
1013,Vou Pra Ai,1,2
1014,Encontrar Alguém,1,2
1015,Dance Enquanto é Tempo,1,2
1016,Sem Sentido,1,2
1017,Onibusfobia,1,2
1018,No Futuro,1,2
1019,Voce Inteira,1,2
1020,Equinocio,1,2
1021,Papelão,1,2
1022,Cafezinho,1,2
1023,Enquanto O Dia Não Vem,1,2
1024,Hot Rockin',1,2
1025,Freewheel Burning,1,2
1026,Metal Meltdown,1,2
1027,Ram It Down,1,2
1028,Diamonds And Rust (Live),1,2
1029,Tyrant (Live),1,2
1030,Comin' Home,1,2
1031,Do You Love Me,1,2
1032,I Still Love You,1,2
1033,Every Time I Look At You,1,2
1034,Nothin' To Lose,1,2
1035,Immigrant Song,1,2
1036,Heartbreaker,1,2
1037,Since I've Been Loving You,1,2
1038,Black Dog,1,2
1039,Dazed And Confused,1,2
1040,Stairway To Heaven,1,2
1041,Going To California,1,2
1042,That's The Way,1,2
1043,Whole Lotta Love (Medley),1,2
1044,Thank You,1,2
1045,We're Gonna Groove,1,2
1046,Poor Tom,1,2
1047,Ozone Baby,1,2
1048,Wearing And Tearing,1,2
1049,Over The Hills And Far Away,1,2
1050,The Crunge,1,2
1051,D'Yer Mak'er,1,2
1052,No Quarter,1,2
1053,The Ocean,1,2
1054,Fool In The Rain,1,2
1055,Hot Dog,1,2
1056,Carouselambra,1,2
1057,All My Love,1,2
1058,Black Dog,1,2
1059,Rock & Roll,1,2
1060,Stairway To Heaven,1,2
1061,Misty Mountain Hop,1,2
1062,Four Sticks,1,2
1063,When The Levee Breaks,1,2
1064,You Shook Me,1,2
1065,Your Time Is Gonna Come,1,2
1066,Black Mountain Side,1,2
1067,Communication Breakdown,1,2
1068,I Can't Quit You Baby,1,2
1069,Whole Lotta Love,1,2
1070,What Is And What Should Never Be,1,2
1071,The Lemon Song,1,2
1072,Thank You,1,2
1073,Moby Dick,1,2
1074,Immigrant Song,1,2
1075,Friends,1,2
1076,Celebration Day,1,2
1077,Since I've Been Loving You,1,2
1078,Out On The Tiles,1,2
1079,That's The Way,1,2
1080,Hats Off To (Roy) Harper,1,2
1081,Down By The Seaside,1,2
1082,Ten Years Gone,1,2
1083,Night Flight,1,2
1084,Boogie With Stu,1,2
1085,Sick Again,1,2
1086,Achilles Last Stand,1,2
1087,Hots On For Nowhere,1,2
1088,Tea For One,1,2
1089,Rock & Roll,1,2
1090,Celebration Day,1,2
1091,Dazed And Confused,1,2
1092,No Quarter,1,2
1093,Stairway To Heaven,1,2
1094,Música De Trabalho,1,2
1095,Aloha,1,2
1096,Soul Parsifal,1,2
1097,Dezesseis,1,2
1098,Leila,1,2
1099,Quando Você Voltar,1,2
1100,O Livro Dos Dias,1,2
1101,Será,1,2
1102,Indios,1,2
1103,Pais E Filhos,1,2
1104,Meninos E Meninas,1,2
1105,Giz,1,2
1106,Dezesseis,1,2
1107,Are You Gonna Go My Way,1,2
1108,Rock And Roll Is Dead,1,2
1109,American Woman,1,2
1110,I Belong To You,1,2
1111,Believe,1,2
1112,Assim Caminha A Humanidade,1,2
1113,Honolulu,1,2
1114,Casa,1,2
1115,Condição,1,2
1116,Satisfação,1,2
1117,Brumário,1,2
1118,A Cura,1,2
1119,Aquilo,1,2
1120,Ro-Que-Se-Da-Ne,1,2
1121,Tudo Bem,1,2
1122,Sereia,1,2
1123,Assaltaram A Gramática,1,2
1124,O Último Romântico (Ao Vivo),1,2
1125,Pseudo Silk Kimono,1,2
1126,Heart Of Lothian: Wide Boy / Curtain Call,1,2
1127,Waterhole (Expresso Bongo),1,2
1128,Childhoods End?,1,2
1129,White Feather,1,2
1130,Cérebro Eletrônico,1,2
1131,Tempos Modernos,1,2
1132,Panis Et Circenses,1,2
1133,De Noite Na Cama,1,2
1134,A Menina Dança,1,2
1135,Dança Da Solidão,1,2
1136,Segue O Seco,1,2
1137,O Xote Das Meninas,1,2
1138,You've Been A Long Time Coming,1,2
1139,When I Had Your Love,1,2
1140,Seek And You Shall Find,1,2
1141,You Sure Love To Ball,1,2
1142,Praise,1,2
1143,Heavy Love Affair,1,2
1144,Down Under,1,2
1145,Be Good Johnny,1,2
1146,Everything I Need,1,2
1147,It's a Mistake,1,2
1148,Holier Than Thou,1,2
1149,The Unforgiven,1,2
1150,Through The Never,1,2
1151,Of Wolf And Man,1,2
1152,The God That Failed,1,2
1153,My Friend Of Misery,1,2
1154,The Struggle Within,1,2
1155,Helpless,1,2
1156,The Small Hours,1,2
1157,The Wait,1,2
1158,Crash Course In Brain Surgery,1,2
1159,Last Caress/Green Hell,1,2
1160,Am I Evil?,1,2
1161,Blitzkrieg,1,2
1162,Breadfan,1,2
1163,So What,1,2
1164,Damage Case,1,2
1165,Hit The Lights,1,2
1166,The Four Horsemen,1,2
1167,Jump In The Fire,1,2
1168,(Anesthesia) Pulling Teeth,1,2
1169,Whiplash,1,2
1170,Seek & Destroy,1,2
1171,Metal Militia,1,2
1172,Ain't My Bitch,1,2
1173,2 X 4,1,2
1174,Until It Sleeps,1,2
1175,King Nothing,1,2
1176,Bleeding Me,1,2
1177,Cure,1,2
1178,Poor Twisted Me,1,2
1179,Mama Said,1,2
1180,The Outlaw Torn,1,2
1181,Master Of Puppets,1,2
1182,The Thing That Should Not Be,1,2
1183,Welcome Home (Sanitarium),1,2
1184,Disposable Heroes,1,2
1185,Orion,1,2
1186,Damage Inc.,1,2
1187,Fuel,1,2
1188,The Memory Remains,1,2
1189,Slither,1,2
1190,Bad Seed,1,2
1191,Where The Wild Things Are,1,2
1192,Prince Charming,1,2
1193,Low Man's Lyric,1,2
1194,Attitude,1,2
1195,Ride The Lightning,1,2
1196,Fade To Black,1,2
1197,Creeping Death,1,2
1198,The Call Of Ktulu,1,2
1199,Frantic,1,2
1200,Some Kind Of Monster,1,2
1201,Invisible Kid,1,2
1202,My World,1,2
1203,All Within My Hands,1,2
1204,Blackened,1,2
1205,...And Justice For All,1,2
1206,Eye Of The Beholder,1,2
1207,Harvester Of Sorrow,1,2
1208,The Frayed Ends Of Sanity,1,2
1209,To Live Is To Die,1,2
1210,My Ship,1,2
1211,The Meaning Of The Blues,1,2
1212,Lament,1,2
1213,I Don't Wanna Be Kissed (By Anyone But You),1,2
1214,Blues For Pablo (Alternate Take),1,2
1215,Coração De Estudante,1,2
1216,A Noite Do Meu Bem,1,2
1217,Paisagem Na Janela,1,2
1218,Brasil,1,2
1219,Para Lennon E McCartney,1,2
1220,"Maria, Maria",1,2
1221,Beijo Partido,1,2
1222,Saudade Dos Aviões Da Panair (Conversando No Bar),1,2
1223,Ponta de Areia,1,2
1224,Idolatrada,1,2
1225,Caso Você Queira Saber,1,2
1226,Live To Win,1,2
1227,Fast And Loose,1,2
1228,Jailbait,1,2
1229,Dance,1,2
1230,Dirty Love,1,2
1231,Please Don't Touch,1,2
1232,O Que Vai Em Meu Coração,1,2
1233,Aos Leões,1,2
1234,É Fogo,1,2
1235,Já Foi,1,2
1236,A Moça e a Chuva,1,2
1237,Demorou!,1,2
1238,Kickstart My Heart,1,2
1239,Wild Side,1,2
1240,Same Ol' Situation,1,2
1241,Home Sweet Home,1,2
1242,Smokin' in The Boys Room,1,2
1243,Primal Scream,1,2
1244,Shout At The Devil,1,2
1245,Intro,1,2
1246,Smells Like Teen Spirit,1,2
1247,Been A Son,1,2
1248,Spank Thru,1,2
1249,Scentless Apprentice,1,2
1250,Polly,1,2
1251,Breed,1,2
1252,Smells Like Teen Spirit,1,2
1253,In Bloom,1,2
1254,Polly,1,2
1255,Territorial Pissings,1,2
1256,On A Plain,1,2
1257,Poeira,1,2
1258,Quem Mata A Mulher Mata O Melhor,1,2
1259,Mundaréu,1,2
1260,O Braço Da Minha Guitarra,1,2
1261,Mãe Terra,1,2
1262,Às Vezes,1,2
1263,Elza,1,2
1264,Todo Amor (Asas Da Liberdade),1,2
1265,Denúncia,1,2
1266,Jeito Faceiro,1,2
1267,Reggae Odoyá,1,2
1268,Protesto Do Olodum (Ao Vivo),1,2
1269,Olodum - Smile (Instrumental),1,2
1270,Vulcão Dub - Fui Eu,1,2
1271,O Trem Da Juventude,1,2
1272,Manguetown,1,2
1273,"Um Amor, Um Lugar",1,2
1274,Bora-Bora,1,2
1275,Vai Valer,1,2
1276,I Feel Good (I Got You) - Sossego,1,2
1277,Uns Dias,1,2
1278,Sincero Breu,1,2
1279,Brasília 5:31,1,2
1280,Navegar Impreciso,1,2
1281,Vamo Batê Lata,1,2
1282,Life During Wartime,1,2
1283,Caleidoscópio,1,2
1284,Trac Trac,1,2
1285,Tendo A Lua,1,2
1286,La Bella Luna,1,2
1287,Busca Vida,1,2
1288,Uma Brasileira,1,2
1289,Luis Inacio (300 Picaretas),1,2
1290,Ela Disse Adeus,1,2
1291,O Amor Nao Sabe Esperar,1,2
1292,Caleidoscópio,1,2
1293,Óculos,1,2
1294,Cinema Mudo,1,2
1295,Lanterna Dos Afogados,1,2
1296,O Beco,1,2
1297,Perplexo,1,2
1298,Me Liga,1,2
1299,Quase Um Segundo,1,2
1300,Selvagem,1,2
1301,Será Que Vai Chover?,1,2
1302,SKA,1,2
1303,Bark at the Moon,1,2
1304,I Don't Know,1,2
1305,No More Tears,1,2
1306,Crazy Train,1,2
1307,Believer,1,2
1308,Mr. Crowley,1,2
1309,Flying High Again,1,2
1310,Relvelation (Mother Earth),1,2
1311,Iron Man,1,2
1312,Paranoid,1,2
1313,Dee,1,2
1314,Shining In The Light,1,2
1315,When The World Was Young,1,2
1316,Blue Train,1,2
1317,Most High,1,2
1318,Heart In Your Hand,1,2
1319,Sons Of Freedom,1,2
1320,United Colours,1,2
1321,Slug,1,2
1322,Your Blue Room,1,2
1323,Beach Sequence,1,2
1324,Miss Sarajevo,1,2
1325,Ito Okashi,1,2
1326,Theme From The Swan,1,2
1327,Prowler,1,2
1328,Murders In The Rue Morgue,1,2
1329,Women In Uniform,1,2
1330,Sanctuary,1,2
1331,Iron Maiden,1,2
1332,Corduroy,1,2
1333,Given To Fly,1,2
1334,MFC,1,2
1335,Off He Goes,1,2
1336,Nothingman,1,2
1337,Black,1,2
1338,F*Ckin' Up,1,2
1339,World Wide Suicide,1,2
1340,Severed Hand,1,2
1341,Gone,1,2
1342,Inside Job,1,2
1343,Can't Keep,1,2
1344,Cropduster,1,2
1345,Ghost,1,2
1346,Get Right,1,2
1347,Green Disease,1,2
1348,1/2 Full,1,2
1349,Arc,1,2
1350,Alive,1,2
1351,Why Go,1,2
1352,Oceans,1,2
1353,Porch,1,2
1354,Go,1,2
1355,Animal,1,2
1356,Dissident,1,2
1357,W.M.A.,1,2
1358,Elderly Woman Behind The Counter In A Small Town,1,2
1359,Leash,1,2
1360,Don't Look Back,1,2
1361,Jah Seh No,1,2
1362,Bush Doctor,1,2
1363,Wanted Dread And Alive,1,2
1364,Pick Myself Up,1,2
1365,Crystal Ball,1,2
1366,Time,1,2
1367,The Great Gig In The Sky,1,2
1368,Any Colour You Like,1,2
1369,Brain Damage,1,2
1370,Hip Hop Rio,1,2
1371,Bossa,1,2
1372,O Bicho Tá Pregando,1,2
1373,Hemp Family,1,2
1374,Se Liga,1,2
1375,Bohemian Rhapsody,1,2
1376,Another One Bites The Dust,1,2
1377,Fat Bottomed Girls,1,2
1378,Bicycle Race,1,2
1379,Save Me,1,2
1380,Flash,1,2
1381,Seven Seas Of Rhye,1,2
1382,We Will Rock You,1,2
1383,Sheer Heart Attack,1,2
1384,"All Dead, All Dead",1,2
1385,Spread Your Wings,1,2
1386,Fight From The Inside,1,2
1387,"Get Down, Make Love",1,2
1388,Sleep On The Sidewalk,1,2
1389,Who Needs You,1,2
1390,It's Late,1,2
1391,My Melancholy Blues,1,2
1392,Shiny Happy People,1,2
1393,Me In Honey,1,2
1394,Radio Song,1,2
1395,You Are The Everything,1,2
1396,The Wrong Child,1,2
1397,Hairshirt,1,2
1398,I Remember California,1,2
1399,How The West Was Won And Where It Got Us,1,2
1400,The Wake-Up Bomb,1,2
1401,New Test Leper,1,2
1402,Leave,1,2
1403,Departure,1,2
1404,Bittersweet Me,1,2
1405,Be Mine,1,2
1406,Zither,1,2
1407,"So Fast, So Numb",1,2
1408,Electrolite,1,2
1409,Losing My Religion,1,2
1410,Low,1,2
1411,Endgame,1,2
1412,Texarkana,1,2
1413,Carnival Of Sorts,1,2
1414,Radio Free Aurope,1,2
1415,Perfect Circle,1,2
1416,Talk About The Passion,1,2
1417,Don't Go Back To Rockville,1,2
1418,Pretty Persuasion,1,2
1419,Green Grow The Rushes,1,2
1420,Can't Get There From Here,1,2
1421,Cuyahoga,1,2
1422,The Finest Worksong,1,2
1423,It's The End Of The World As We Know It (And I Feel Fine),1,2
1424,Infeliz Natal,1,2
1425,A Sua,1,2
1426,Papeau Nuky Doe,1,2
1427,Puteiro Em João Pessoa,1,2
1428,Bê-a-Bá,1,2
1429,Maluco Beleza,1,2
1430,O Dia Em Que A Terra Parou,1,2
1431,No Fundo Do Quintal Da Escola,1,2
1432,As Profecias,1,2
1433,Sapato 36,1,2
1434,Todo Mundo Explica,1,2
1435,Século XXI,1,2
1436,Rock Das Aranhas (Ao Vivo) (Live),1,2
1437,The Power Of Equality,1,2
1438,If You Have To Ask,1,2
1439,Suck My Kiss,1,2
1440,I Could Have Lied,1,2
1441,Mellowship Slinky In B Major,1,2
1442,Naked In The Rain,1,2
1443,Sir Psycho Sexy,1,2
1444,They're Red Hot,1,2
1445,By The Way,1,2
1446,This Is The Place,1,2
1447,The Zephyr Song,1,2
1448,Can't Stop,1,2
1449,I Could Die For You,1,2
1450,On Mercury,1,2
1451,Around The World,1,2
1452,Parallel Universe,1,2
1453,Get On Top,1,2
1454,Californication,1,2
1455,Porcelain,1,2
1456,I Like Dirt,1,2
1457,Road Trippin',1,2
1458,Freewill,1,2
1459,Xanadu,1,2
1460,Anthem,1,2
1461,Closer To The Heart,1,2
1462,Fly By Night,1,2
1463,Finding My Way,1,2
1464,La Puesta Del Sol,1,2
1465,Persuasion,1,2
1466,Santana Jam,1,2
1467,Evil Ways,1,2
1468,Just Ain't Good Enough,1,2
1469,Funky Piano,1,2
1470,The Right Thing,1,2
1471,It's Only Love,1,2
1472,If You Don't Know Me By Now,1,2
1473,Stars,1,2
1474,For Your Babies,1,2
1475,So Beautiful,1,2
1476,Água E Fogo,1,2
1477,Três Lados,1,2
1478,Muçulmano,1,2
1479,Maquinarama,1,2
1480,Fica,1,2
1481,Ali,1,2
1482,Zé Trindade,1,2
1483,Garota Nacional,1,2
1484,Os Exilados,1,2
1485,Um Dia Qualquer,1,2
1486,Lucky 13,1,2
1487,Aeroplane Flies High,1,2
1488,My Mistake,1,2
1489,Rock On,1,2
1490,Winterlong,1,2
1491,Soot & Stars,1,2
1492,Blissed & Gone,1,2
1493,Rhinocerous,1,2
1494,Drown,1,2
1495,Disarm,1,2
1496,Eye,1,2
1497,Ava Adore,1,2
1498,Stand Inside Your Love,1,2
1499,[Untitled],1,2
1500,Nothing To Say,1,2
1501,Flower,1,2
1502,Loud Love,1,2
1503,Hands All Over,1,2
1504,Get On The Snake,1,2
1505,Jesus Christ Pose,1,2
1506,Outshined,1,2
1507,Rusty Cage,1,2
1508,Spoonman,1,2
1509,The Day I Tried To Live,1,2
1510,Black Hole Sun,1,2
1511,Burden In My Hand,1,2
1512,Bleed Together,1,2
1513,Rasul,1,2
1514,Song For Lorraine,1,2
1515,Heliopolis,1,2
1516,It Doesn't Matter,1,2
1517,Little Linda,1,2
1518,Crossfire,1,2
1519,Tightrope,1,2
1520,Let Me Love You Baby,1,2
1521,Leave My Girl Alone,1,2
1522,Wall Of Denial,1,2
1523,Scratch-N-Sniff,1,2
1524,Riviera Paradise,1,2
1525,Dead And Bloated,1,2
1526,Sex Type Thing,1,2
1527,No Memory,1,2
1528,Creep,1,2
1529,Plush,1,2
1530,Wet My Bed,1,2
1531,Crackerman,1,2
1532,Where The River Goes,1,2
1533,B.Y.O.B.,1,2
1534,Revenga,1,2
1535,Cigaro,1,2
1536,Radio/Video,1,2
1537,Sad Statue,1,2
1538,Lost in Hollywood,1,2
1539,The Sun Road,1,2
1540,Dark Corners,1,2
1541,Duende,1,2
1542,Black Light Syndrome,1,2
1543,Chaos-Control,1,2
1544,Sting Me,1,2
1545,Sometimes Salvation,1,2
1546,Cursed Diamonds,1,2
1547,Miracle To Me,1,2
1548,Girl From A Pawnshop,1,2
1549,Black Moon Creeping,1,2
1550,High Head Blues,1,2
1551,Soul Singing,1,2
1552,Hard To Handle,1,2
1553,Remedy,1,2
1554,White Riot,1,2
1555,Clash City Rockers,1,2
1556,(White Man) In Hammersmith Palais,1,2
1557,Tommy Gun,1,2
1558,Bankrobber,1,2
1559,This Is Radio Clash,1,2
1560,Know Your Rights,1,2
1561,Rock The Casbah,1,2
1562,War (The Process),1,2
1563,Take The Power,1,2
1564,Breathe,1,2
1565,Nico,1,2
1566,True Believers,1,2
1567,Lil' Evil,1,2
1568,Spirit Walker,1,2
1569,Wild Hearted Son,1,2
1570,Love Removal Machine,1,2
1571,Edie (Ciao Baby),1,2
1572,Love,1,2
1573,Sweet Soul Sister,1,2
1574,The Crystal Ship,1,2
1575,Twentienth Century Fox,1,2
1576,Back Door Man,1,2
1577,I Looked At You,1,2
1578,Roxanne,1,2
1579,Can't Stand Losing You,1,2
1580,Don't Stand so Close to Me,1,2
1581,"De Do Do Do, De Da Da Da",1,2
1582,Every Breath You Take,1,2
1583,King Of Pain,1,2
1584,Message in a Bottle (new classic rock mix),1,2
1585,Time Is On My Side,1,2
1586,As Tears Go By,1,2
1587,Get Off Of My Cloud,1,2
1588,Paint It Black,1,2
1589,Under My Thumb,1,2
1590,You Got Me Rocking,1,2
1591,Gimmie Shelters,1,2
1592,Corinna,1,2
1593,Saint Of Me,1,2
1594,Respectable,1,2
1595,Thief In The Night,1,2
1596,Love Is Strong,1,2
1597,You Got Me Rocking,1,2
1598,Moon Is Up,1,2
1599,Out Of Tears,1,2
1600,Sweethearts Together,1,2
1601,Suck On The Jugular,1,2
1602,Mean Disposition,1,2
1603,Walking Wounded,1,2
1604,Sister Awake,1,2
1605,The River (Remix),1,2
1606,Waiting On A Sign,1,2
1607,Life Line,1,2
1608,Paint It Black,1,2
1609,Army Ants,1,2
1610,Psychopomp,1,2
1611,Release,1,2
1612,I Can't Explain,1,2
1613,"Anyway, Anyhow, Anywhere",1,2
1614,I'm A Boy,1,2
1615,Happy Jack,1,2
1616,Pictures Of Lily,1,2
1617,I Can See For Miles,1,2
1618,Magic Bus,1,2
1619,Pinball Wizard,1,2
1620,The Seeker,1,2
1621,Baba O'Riley,1,2
1622,Won't Get Fooled Again (Full Length Version),1,2
1623,Let's See Action,1,2
1624,5.15,1,2
1625,Join Together,1,2
1626,Squeeze Box,1,2
1627,Primavera,1,2
1628,O Descobridor Dos Sete Mares,1,2
1629,New Love,1,2
1630,Não Vou Ficar,1,2
1631,Salve Nossa Senhora,1,2
1632,Você Fugiu,1,2
1633,Cristina Nº 2,1,2
1634,Réu Confesso,1,2
1635,O Que Me Importa,1,2
1636,Gostava Tanto De Você,1,2
1637,Você,1,2
1638,Eu Amo Você,1,2
1639,A Festa Do Santo Reis,1,2
1640,Padre Cícero,1,2
1641,Nosso Adeus,1,2
1642,Canário Do Reino,1,2
1643,Balanço,1,2
1644,Formigueiro,1,2
1645,Go Back,1,2
1646,Prá Dizer Adeus,1,2
1647,Família,1,2
1648,Os Cegos Do Castelo,1,2
1649,Marvin,1,2
1650,Nem 5 Minutos Guardados,1,2
1651,Flores,1,2
1652,Palavras,1,2
1653,32 Dentes,1,2
1654,Não Vou Lutar,1,2
1655,Homem Primata (Vinheta),1,2
1656,Homem Primata,1,2
1657,Polícia (Vinheta),1,2
1658,Querem Meu Sangue,1,2
1659,Sonifera Ilha,1,2
1660,Sua Impossivel Chance,1,2
1661,Domingo,1,2
1662,Amanhã Não Se Sabe,1,2
1663,Caras Como Eu,1,2
1664,Era Uma Vez,1,2
1665,Insensível,1,2
1666,Eu E Ela,1,2
1667,Occupation / Precipice,1,2
1668,"Exodus, Pt. 1",1,2
1669,"Exodus, Pt. 2",1,2
1670,Collaborators,1,2
1671,Hero,1,2
1672,Unfinished Business,1,2
1673,The Passage,1,2
1674,A Day In the Life,1,2
1675,"Crossroads, Pt. 1",1,2
1676,"Crossroads, Pt. 2",1,2
1677,Genesis,1,2
1678,One Giant Leap,1,2
1679,Better Halves,1,2
1680,Nothing to Hide,1,2
1681,Seven Minutes to Midnight,1,2
1682,Distractions,1,2
1683,Company Man,1,2
1684,Parasite,1,2
1685,"Man of Science, Man of Faith (Premiere)",1,2
1686,Adrift,1,2
1687,The Glass Ballerina,1,2
1688,Orientation,1,2
1689,...And Found,1,2
1690,House of the Rising Sun,1,2
1691,I Do,1,2
1692,The Moth,1,2
1693,The Other 48 Days,1,2
1694,Lost Survival Guide,1,2
1695,Solitary,1,2
1696,Stranger In a Strange Land,1,2
1697,The 23rd Psalm,1,2
1698,Enter 77,1,2
1699,Fire + Water,1,2
1700,Par Avion,1,2
1701,The Long Con,1,2
1702,Exposé,1,2
1703,Homecoming,1,2
1704,Outlaws,1,2
1705,The Whole Truth,1,2
1706,Catch-22,1,2
1707,Dave,1,2
1708,Deus Ex Machina,1,2
1709,S.O.S.,1,2
1710,"""?""",1,2
1711,Born to Run,1,2
1712,"Live Together, Die Alone, Pt. 1",1,2
1713,Exodus (Part 2) [Season Finale],1,2
1714,Even Better Than The Real Thing,1,2
1715,One,1,2
1716,So Cruel,1,2
1717,The Fly,1,2
1718,Acrobat,1,2
1719,Love Is Blindness,1,2
1720,Walk On,1,2
1721,New York,1,2
1722,The Three Sunrises,1,2
1723,Spanish Eyes,1,2
1724,Sweetest Thing,1,2
1725,Bass Trap,1,2
1726,Dancing Barefoot,1,2
1727,Walk To The Water,1,2
1728,"Trash, Trampoline And The Party Girl",1,2
1729,Vertigo,1,2
1730,Love And Peace Or Else,1,2
1731,All Because Of You,1,2
1732,A Man And A Woman,1,2
1733,Crumbs From Your Table,1,2
1734,One Step Closer,1,2
1735,Original Of The Species,1,2
1736,Yahweh,1,2
1737,Discotheque,1,2
1738,Do You Feel Loved,1,2
1739,Mofo,1,2
1740,If God Will Send His Angels,1,2
1741,Staring At The Sun,1,2
1742,Last Night On Earth,1,2
1743,The Playboy Mansion,1,2
1744,Wake Up Dead Man,1,2
1745,Desire,1,2
1746,Hawkmoon 269,1,2
1747,I Still Haven't Found What I'm Looking for,1,2
1748,Freedom For My People,1,2
1749,Silver And Gold,1,2
1750,Love Rescue Me,1,2
1751,When Love Comes To Town,1,2
1752,Heartland,1,2
1753,God Part II,1,2
1754,Bullet The Blue Sky,1,2
1755,All I Want Is You,1,2
1756,New Year's Day,1,2
1757,With Or Without You,1,2
1758,I Still Haven't Found What I'm Looking For,1,2
1759,Bad,1,2
1760,The Unforgettable Fire,1,2
1761,Desire,1,2
1762,When Love Comes To Town,1,2
1763,Angel Of Harlem,1,2
1764,All I Want Is You,1,2
1765,Seconds,1,2
1766,New Year's Day,1,2
1767,Like A Song...,1,2
1768,Drowning Man,1,2
1769,Surrender,1,2
1770,Zooropa,1,2
1771,Babyface,1,2
1772,Numb,1,2
1773,Lemon,1,2
1774,"Stay (Faraway, So Close!)",1,2
1775,The First Time,1,2
1776,The Wanderer,1,2
1777,I Would Do For You,1,2
1778,Homely Girl,1,2
1779,Here I Am (Come And Take Me),1,2
1780,Wear You To The Ball,1,2
1781,Higher Ground,1,2
1782,Bring Me Your Cup,1,2
1783,Where Have All The Good Times Gone?,1,2
1784,Hang 'Em High,1,2
1785,Cathedral,1,2
1786,Secrets,1,2
1787,Dancing In The Street,1,2
1788,Little Guitars (Intro),1,2
1789,Little Guitars,1,2
1790,Ain't Talkin' 'bout Love,1,2
1791,Unchained,1,2
1792,Jump,1,2
1793,Panama,1,2
1794,Dreams,1,2
1795,Right Now,1,2
1796,Can't Stop Loving You,1,2
1797,Humans Being,1,2
1798,You Really Got Me,1,2
1799,Atomic Punk,1,2
1800,Feel Your Love Tonight,1,2
1801,On Fire,1,2
1802,Neworld,1,2
1803,One I Want,1,2
1804,Dirty Water Dog,1,2
1805,Primary,1,2
1806,Do It For The Kids,1,2
1807,Big Machine,1,2
1808,Fall To Pieces,1,2
1809,Headspace,1,2
1810,Slither,1,2
1811,Dirty Little Thing,1,2
1812,A Bencao E Outros,1,2
1813,Tudo Na Mais Santa Paz,1,2
1814,Samba Pra Endrigo,1,2
1815,So Por Amor,1,2
1816,Um Homem Chamado Alfredo,1,2
1817,Samba Do Jato,1,2
1818,Still Of The Night,1,2
1819,Here I Go Again,1,2
1820,Looking For Love,1,2
1821,Now You're Gone,1,2
1822,You're Gonna Break My Hart Again,1,2
1823,The Deeper The Love,1,2
1824,Sweet Lady Luck,1,2
1825,Faixa Amarela,1,2
1826,Coração Em Desalinho,1,2
1827,Seu Balancê,1,2
1828,Feirinha da Pavuna/Luz do Repente/Bagaço da Laranja,1,2
1829,Sem Essa de Malandro Agulha,1,2
1830,Camarão que Dorme e Onda Leva,1,2
1831,Sapopemba e Maxambomba,1,2
1832,Samba pras moças,1,2
1833,Verdade,1,2
1834,The Hard Part,1,2
1835,The Man Behind the Curtain,1,2
1836,Diversity Day,1,2
1837,The Dundies,1,2
1838,Halloween,1,2
1839,Email Surveillance,1,2
1840,Christmas Party,1,2
1841,The Carpet,1,2
1842,Michael's Birthday,1,2
1843,The Convention,1,2
1844,The Coup,1,2
1845,The Initiation,1,2
1846,Diwali,1,2
1847,Branch Closing,1,2
1848,The Convict,1,2
1849,"A Benihana Christmas, Pts. 1 & 2",1,2
1850,Back from Vacation,1,2
1851,Producer's Cut: The Return,1,2
1852,Safety Training,1,2
1853,The Job,1,2
1854,Through a Looking Glass,1,2
1855,Your Time Is Gonna Come,1,2
1856,"Battlestar Galactica, Pt. 1",1,2
1857,"Battlestar Galactica, Pt. 2",1,2
1858,"Lost Planet of the Gods, Pt. 1",1,2
1859,"Lost Planet of the Gods, Pt. 2",1,2
1860,The Lost Warrior,1,2
1861,The Long Patrol,1,2
1862,"The Gun On Ice Planet Zero, Pt. 1",1,2
1863,"The Gun On Ice Planet Zero, Pt. 2",1,2
1864,The Magnificent Warriors,1,2
1865,"The Living Legend, Pt. 1",1,2
1866,"The Living Legend, Pt. 2",1,2
1867,"War of the Gods, Pt. 2",1,2
1868,"Greetings from Earth, Pt. 1",1,2
1869,"Greetings from Earth, Pt. 2",1,2
1870,Baltar's Escape,1,2
1871,Experiment In Terra,1,2
1872,Take the Celestra,1,2
1873,The Hand of God,1,2
1874,"Through the Looking Glass, Pt. 1",1,2
1875,Instant Karma,1,2
1876,#9 Dream,1,2
1877,Cold Turkey,1,2
1878,Whatever Gets You Thru the Night,1,2
1879,Gimme Some Truth,1,2
1880,"Oh, My Love",1,2
1881,Imagine,1,2
1882,Jealous Guy,1,2
1883,Imagine,1,2
1884,Gimme Some Truth,1,2
1885,[Just Like] Starting Over,1,2
1886,God,1,2
1887,Sympton of the Universe,1,2
1888,Fairies Wear Boots,1,2
1889,Never Say Die,1,2
1890,"Sabbath, Bloody Sabbath",1,2
1891,Iron Man/Children of the Grave,1,2
1892,The Zoo,1,2
1893,Loving You Sunday Morning,1,2
1894,Still Loving You,1,2
1895,I Can't Explain,1,2
1896,Tease Me Please Me,1,2
1897,Salutations,1,2
1898,Put Your Head Out,1,2
1899,Top O' The Morning To Ya,1,2
1900,"Danny Boy, Danny Boy",1,2
1901,Guess Who's Back,1,2
1902,Commercial 2,1,2
1903,One For The Road,1,2
1904,Feel It,1,2
1905,Instinto Colectivo,1,2
1906,Chapa o Coco,1,2
1907,Um Lugar ao Sol,1,2
1908,Todo o Carnaval tem seu Fim,1,2
1909,Armadura,1,2
1910,Funk de Bamba,1,2
1911,Chega no Suingue,1,2
1912,"Past, Present, and Future",1,2
1913,The Beginning of the End,1,2
1914,The Economist,1,2
1915,Ji Yeon,1,2
1916,Meet Kevin Johnson,1,2
1917,Din Din Wo (Little Child),1,2
1918,Love Comes,1,2
1919,Muita Bobeira,1,2
1920,Something Nice Back Home,1,2
1921,"There's No Place Like Home, Pt. 3",1,2
1922,Say Hello 2 Heaven,1,2
1923,Call Me a Dog,1,2
1924,Four Walled World,1,2
1925,All Night Thing,1,2
1926,Safe and Sound,1,2
1927,Billie Jean,1,2
1928,Scar On the Sky,1,2
1929,Disappearing Act,1,2
1930,Sound of a Gun,1,2
1931,Until We Fall,1,2
1932,Shape of Things to Come,1,2
1933,Moth,1,2
1934,Show Me How to Live (Live at the Quart Festival),1,2
1935,Canon and Gigue in D Major: I. Canon,1,2
1936,"Suite for Solo Cello No. 1 in G Major, BWV 1007: I. Prélude",1,2
1937,"The Messiah: Behold, I Tell You a Mystery... The Trumpet Shall Sound",1,2
1938,"Symphony No. 104 in D Major ""London"": IV. Finale: Spiritoso",1,2
1939,Die Walküre: The Ride of the Valkyries,1,2
1940,"Requiem, Op.48: 4. Pie Jesu",1,2
1941,"Jupiter, the Bringer of Jollity",1,2
1942,Branch Closing,1,2
1943,"Concerto No.2 in F Major, BWV1047, I. Allegro",1,2
1944,"Concerto for Piano No. 2 in F Minor, Op. 21: II. Larghetto",1,2
1945,"Karelia Suite, Op.11: 2. Ballade (Tempo Di Menuetto)",1,2
1946,"Piano Sonata No. 14 in C Sharp Minor, Op. 27, No. 2, ""Moonlight"": I. Adagio sostenuto",1,2
1947,Fantasia On Greensleeves,1,2
1948,"Concerto for Cello and Orchestra in E minor, Op. 85: I. Adagio - Moderato",1,2
1949,Two Fanfares for Orchestra: II. Short Ride in a Fast Machine,1,2
1950,"Wellington's Victory or the Battle Symphony, Op.91: 2. Symphony of Triumph",1,2
1951,Romeo et Juliette: No. 11 - Danse des Chevaliers,1,2
1952,"Peer Gynt Suite No.1, Op.46: 1. Morning Mood",1,2
1953,"Symphony No. 41 in C Major, K. 551, ""Jupiter"": IV. Molto allegro",1,2
1954,You Know I'm No Good,1,2
1955,Me & Mr. Jones,1,2
1956,Just Friends,1,2
1957,Back to Black,1,2
1958,Tears Dry On Their Own,1,2
1959,Wake Up Alone,1,2
1960,Some Unholy War,1,2
1961,He Can Only Hold Her,1,2
1962,You Know I'm No Good (feat. Ghostface Killah),1,2
1963,Rehab (Hot Chip Remix),1,2
1964,Intro / Stronger Than Me,1,2
1965,F**k Me Pumps,1,2
1966,I Heard Love Is Blind,1,2
1967,Take the Box,1,2
1968,Help Yourself,1,2
1969,Amy Amy Amy (Outro),1,2
1970,Slowness,1,2
1971,"Prometheus Overture, Op. 43",1,2
1972,Sonata for Solo Violin: IV: Presto,1,2
1973,"A Midsummer Night's Dream, Op.61 Incidental Music: No.7 Notturno",1,2
1974,Adios nonino,1,2
1975,"Symphony No. 3 Op. 36 for Orchestra and Soprano ""Symfonia Piesni Zalosnych"" \ Lento E Largo - Tranquillissimo",1,2
1976,"Act IV, Symphony",1,2
1977,Symphony No. 2: III. Allegro vivace,1,2
1978,"Partita in E Major, BWV 1006A: I. Prelude",1,2
1979,Sing Joyfully,1,2
1980,"Metopes, Op. 29: Calypso",1,2
1981,"Symphony No. 2, Op. 16 -  ""The Four Temperaments"": II. Allegro Comodo e Flemmatico",1,2
1982,"Étude 1, In C Major - Preludio (Presto) - Liszt",1,2
1983,Pini Di Roma (Pinien Von Rom) \ I Pini Della Via Appia,1,2
